score,chr1,start1,start2,strand1,chr2,start1,start2,strand2
2542.82,chr10,61000000,87000000,\+,chr3,17000000,49000000,\+
1212.33,chr12,22000000,35000000,\-,chr21,24000000,33000000,\-
1027.18,chr9,130000000,132000000,\-,chr22,22000000,24000000,\+
958.968,chr6,16000000,48000000,\+,chr16,78000000,86000000,\+
875.468,chr9,130000000,132000000,\+,chr13,80000000,109000000,\-
815.972,chr9,27000000,39000000,\-,chr13,19000000,47000000,\-
267.066,chr22,11000000,24000000,\+,chr13,89000000,108000000,\-
246.015,chr18,27000000,28000000,\-,chr1,106000000,120000000,\-
128.247,chr22,22000000,24000000,\-,chr2,148000000,152000000,\-
64.0124,chr20,30000000,33000000,\+,chr1,107000000,118000000,\-